-- ******* COLEGIATURAS ******
-- UPEA
-- DOCTORADO EN CIENCIAS Y TECNOLOGIA VERSION 3 - (DCTE-V03)
INSERT INTO products (name, purchase_price, sale_price, stock, description, image, bar_code, location, minimum_stock, code, tenant) VALUES ("MATRICULA 1 DCTE-V03", 0, 1500, 9999999, "15/09/2023", null, null, "N/A", null, null, "UPEA");
INSERT INTO products (name, purchase_price, sale_price, stock, description, image, bar_code, location, minimum_stock, code, tenant) VALUES ("MATRICULA 2 DCTE-V03", 0, 1500, 9999999, "15/04/2024", null, null, "N/A", null, null, "UPEA");
INSERT INTO products (name, purchase_price, sale_price, stock, description, image, bar_code, location, minimum_stock, code, tenant) VALUES ("MATRICULA 3 DCTE-V03", 0, 1500, 9999999, "15/04/2025", null, null, "N/A", null, null, "UPEA");
INSERT INTO products (name, purchase_price, sale_price, stock, description, image, bar_code, location, minimum_stock, code, tenant) VALUES ("Cuota inicial DCTE-V03", 0, 2000, 9999999, "15/09/2023", null, null, "N/A", null, null, "UPEA");
INSERT INTO products (name, purchase_price, sale_price, stock, description, image, bar_code, location, minimum_stock, code, tenant) VALUES ("1era. CUOTA DCTE-V03", 0, 2000, 9999999, "20/11/2023", null, null, "N/A", null, null, "UPEA");
INSERT INTO products (name, purchase_price, sale_price, stock, description, image, bar_code, location, minimum_stock, code, tenant) VALUES ("2da. CUOTA DCTE-V03", 0, 1000, 9999999, "15/01/2024", null, null, "N/A", null, null, "UPEA");
INSERT INTO products (name, purchase_price, sale_price, stock, description, image, bar_code, location, minimum_stock, code, tenant) VALUES ("3ra. CUOTA DCTE-V03", 0, 1000, 9999999, "15/02/2024", null, null, "N/A", null, null, "UPEA");
INSERT INTO products (name, purchase_price, sale_price, stock, description, image, bar_code, location, minimum_stock, code, tenant) VALUES ("4ta. CUOTA DCTE-V03", 0, 1000, 9999999, "15/03/2024", null, null, "N/A", null, null, "UPEA");
INSERT INTO products (name, purchase_price, sale_price, stock, description, image, bar_code, location, minimum_stock, code, tenant) VALUES ("5ta. CUOTA DCTE-V03", 0, 1000, 9999999, "15/04/2024", null, null, "N/A", null, null, "UPEA");
INSERT INTO products (name, purchase_price, sale_price, stock, description, image, bar_code, location, minimum_stock, code, tenant) VALUES ("6ta. CUOTA DCTE-V03", 0, 1000, 9999999, "15/05/2024", null, null, "N/A", null, null, "UPEA");
INSERT INTO products (name, purchase_price, sale_price, stock, description, image, bar_code, location, minimum_stock, code, tenant) VALUES ("7ma. CUOTA DCTE-V03", 0, 1000, 9999999, "15/06/2024", null, null, "N/A", null, null, "UPEA");
INSERT INTO products (name, purchase_price, sale_price, stock, description, image, bar_code, location, minimum_stock, code, tenant) VALUES ("8va. CUOTA DCTE-V03", 0, 1000, 9999999, "15/07/2024", null, null, "N/A", null, null, "UPEA");
INSERT INTO products (name, purchase_price, sale_price, stock, description, image, bar_code, location, minimum_stock, code, tenant) VALUES ("9na. CUOTA DCTE-V03", 0, 1000, 9999999, "15/08/2024", null, null, "N/A", null, null, "UPEA");
INSERT INTO products (name, purchase_price, sale_price, stock, description, image, bar_code, location, minimum_stock, code, tenant) VALUES ("10ma. CUOTA DCTE-V03", 0, 1000, 9999999, "15/09/2024", null, null, "N/A", null, null, "UPEA");
INSERT INTO products (name, purchase_price, sale_price, stock, description, image, bar_code, location, minimum_stock, code, tenant) VALUES ("11va. CUOTA DCTE-V03", 0, 1000, 9999999, "15/10/2024", null, null, "N/A", null, null, "UPEA");
INSERT INTO products (name, purchase_price, sale_price, stock, description, image, bar_code, location, minimum_stock, code, tenant) VALUES ("12va. CUOTA DCTE-V03", 0, 1000, 9999999, "15/11/2024", null, null, "N/A", null, null, "UPEA");
INSERT INTO products (name, purchase_price, sale_price, stock, description, image, bar_code, location, minimum_stock, code, tenant) VALUES ("13va. CUOTA DCTE-V03", 0, 1000, 9999999, "15/01/2025", null, null, "N/A", null, null, "UPEA");
INSERT INTO products (name, purchase_price, sale_price, stock, description, image, bar_code, location, minimum_stock, code, tenant) VALUES ("14va. CUOTA DCTE-V03", 0, 1000, 9999999, "15/01/2025", null, null, "N/A", null, null, "UPEA");
INSERT INTO products (name, purchase_price, sale_price, stock, description, image, bar_code, location, minimum_stock, code, tenant) VALUES ("15va. CUOTA DCTE-V03", 0, 1000, 9999999, "15/02/2025", null, null, "N/A", null, null, "UPEA");
INSERT INTO products (name, purchase_price, sale_price, stock, description, image, bar_code, location, minimum_stock, code, tenant) VALUES ("16va. CUOTA DCTE-V03", 0, 1000, 9999999, "15/03/2025", null, null, "N/A", null, null, "UPEA");
INSERT INTO products (name, purchase_price, sale_price, stock, description, image, bar_code, location, minimum_stock, code, tenant) VALUES ("17va. CUOTA DCTE-V03", 0, 1000, 9999999, "15/04/2025", null, null, "N/A", null, null, "UPEA");
INSERT INTO products (name, purchase_price, sale_price, stock, description, image, bar_code, location, minimum_stock, code, tenant) VALUES ("18va. CUOTA DCTE-V03", 0, 1000, 9999999, "15/05/2025", null, null, "N/A", null, null, "UPEA");
INSERT INTO products (name, purchase_price, sale_price, stock, description, image, bar_code, location, minimum_stock, code, tenant) VALUES ("19va. CUOTA DCTE-V03", 0, 1000, 9999999, "15/06/2025", null, null, "N/A", null, null, "UPEA");
INSERT INTO products (name, purchase_price, sale_price, stock, description, image, bar_code, location, minimum_stock, code, tenant) VALUES ("20va. CUOTA DCTE-V03", 0, 1000, 9999999, "15/07/2025", null, null, "N/A", null, null, "UPEA");
INSERT INTO products (name, purchase_price, sale_price, stock, description, image, bar_code, location, minimum_stock, code, tenant) VALUES ("21va. CUOTA DCTE-V03", 0, 1000, 9999999, "15/08/2025", null, null, "N/A", null, null, "UPEA");
INSERT INTO products (name, purchase_price, sale_price, stock, description, image, bar_code, location, minimum_stock, code, tenant) VALUES ("22va. CUOTA DCTE-V03", 0, 1000, 9999999, "15/09/2025", null, null, "N/A", null, null, "UPEA");

-- DOCTORADO EN CIENCIAS DE LA EDUCACION E INVESTIGACION VERSION 13 - (CDEI-V13)
INSERT INTO products (name, purchase_price, sale_price, stock, description, image, bar_code, location, minimum_stock, code, tenant) VALUES ("MATRICULA 1 CDEI-V13", 0, 1500, 9999999, "10/09/2023", null, null, "N/A", null, null, "UPEA");
INSERT INTO products (name, purchase_price, sale_price, stock, description, image, bar_code, location, minimum_stock, code, tenant) VALUES ("MATRICULA 2 CDEI-V13", 0, 1500, 9999999, "15/08/2024", null, null, "N/A", null, null, "UPEA");
INSERT INTO products (name, purchase_price, sale_price, stock, description, image, bar_code, location, minimum_stock, code, tenant) VALUES ("MATRICULA 3 CDEI-V13", 0, 1500, 9999999, "15/08/2025", null, null, "N/A", null, null, "UPEA");
INSERT INTO products (name, purchase_price, sale_price, stock, description, image, bar_code, location, minimum_stock, code, tenant) VALUES ("Cuota inicial CDEI-V13", 0, 2000, 9999999, "10/09/2023", null, null, "N/A", null, null, "UPEA");
INSERT INTO products (name, purchase_price, sale_price, stock, description, image, bar_code, location, minimum_stock, code, tenant) VALUES ("1era. CUOTA CDEI-V13", 0, 2000, 9999999, "16/10/2023", null, null, "N/A", null, null, "UPEA");
INSERT INTO products (name, purchase_price, sale_price, stock, description, image, bar_code, location, minimum_stock, code, tenant) VALUES ("2da. CUOTA CDEI-V13", 0, 1000, 9999999, "15/11/2023", null, null, "N/A", null, null, "UPEA");
INSERT INTO products (name, purchase_price, sale_price, stock, description, image, bar_code, location, minimum_stock, code, tenant) VALUES ("3ra. CUOTA CDEI-V13", 0, 1000, 9999999, "15/01/2024", null, null, "N/A", null, null, "UPEA");
INSERT INTO products (name, purchase_price, sale_price, stock, description, image, bar_code, location, minimum_stock, code, tenant) VALUES ("4ta. CUOTA CDEI-V13", 0, 1000, 9999999, "15/02/2024", null, null, "N/A", null, null, "UPEA");
INSERT INTO products (name, purchase_price, sale_price, stock, description, image, bar_code, location, minimum_stock, code, tenant) VALUES ("5ta. CUOTA CDEI-V13", 0, 1000, 9999999, "15/03/2024", null, null, "N/A", null, null, "UPEA");
INSERT INTO products (name, purchase_price, sale_price, stock, description, image, bar_code, location, minimum_stock, code, tenant) VALUES ("6ta. CUOTA CDEI-V13", 0, 1000, 9999999, "15/04/2024", null, null, "N/A", null, null, "UPEA");
INSERT INTO products (name, purchase_price, sale_price, stock, description, image, bar_code, location, minimum_stock, code, tenant) VALUES ("7ma. CUOTA CDEI-V13", 0, 1000, 9999999, "15/05/2024", null, null, "N/A", null, null, "UPEA");
INSERT INTO products (name, purchase_price, sale_price, stock, description, image, bar_code, location, minimum_stock, code, tenant) VALUES ("8va. CUOTA CDEI-V13", 0, 1000, 9999999, "15/06/2024", null, null, "N/A", null, null, "UPEA");
INSERT INTO products (name, purchase_price, sale_price, stock, description, image, bar_code, location, minimum_stock, code, tenant) VALUES ("9na. CUOTA CDEI-V13", 0, 1000, 9999999, "15/07/2024", null, null, "N/A", null, null, "UPEA");
INSERT INTO products (name, purchase_price, sale_price, stock, description, image, bar_code, location, minimum_stock, code, tenant) VALUES ("10ma. CUOTA CDEI-V13", 0, 1000, 9999999, "14/08/2024", null, null, "N/A", null, null, "UPEA");
INSERT INTO products (name, purchase_price, sale_price, stock, description, image, bar_code, location, minimum_stock, code, tenant) VALUES ("11va. CUOTA CDEI-V13", 0, 1000, 9999999, "15/09/2024", null, null, "N/A", null, null, "UPEA");
INSERT INTO products (name, purchase_price, sale_price, stock, description, image, bar_code, location, minimum_stock, code, tenant) VALUES ("12va. CUOTA CDEI-V13", 0, 1000, 9999999, "15/10/2024", null, null, "N/A", null, null, "UPEA");
INSERT INTO products (name, purchase_price, sale_price, stock, description, image, bar_code, location, minimum_stock, code, tenant) VALUES ("13va. CUOTA CDEI-V13", 0, 1000, 9999999, "15/11/2024", null, null, "N/A", null, null, "UPEA");
INSERT INTO products (name, purchase_price, sale_price, stock, description, image, bar_code, location, minimum_stock, code, tenant) VALUES ("14va. CUOTA CDEI-V13", 0, 1000, 9999999, "15/01/2025", null, null, "N/A", null, null, "UPEA");
INSERT INTO products (name, purchase_price, sale_price, stock, description, image, bar_code, location, minimum_stock, code, tenant) VALUES ("15va. CUOTA CDEI-V13", 0, 1000, 9999999, "15/02/2025", null, null, "N/A", null, null, "UPEA");
INSERT INTO products (name, purchase_price, sale_price, stock, description, image, bar_code, location, minimum_stock, code, tenant) VALUES ("16va. CUOTA CDEI-V13", 0, 1000, 9999999, "15/03/2025", null, null, "N/A", null, null, "UPEA");
INSERT INTO products (name, purchase_price, sale_price, stock, description, image, bar_code, location, minimum_stock, code, tenant) VALUES ("17va. CUOTA CDEI-V13", 0, 1000, 9999999, "15/04/2025", null, null, "N/A", null, null, "UPEA");
INSERT INTO products (name, purchase_price, sale_price, stock, description, image, bar_code, location, minimum_stock, code, tenant) VALUES ("18va. CUOTA CDEI-V13", 0, 1000, 9999999, "15/05/2025", null, null, "N/A", null, null, "UPEA");
INSERT INTO products (name, purchase_price, sale_price, stock, description, image, bar_code, location, minimum_stock, code, tenant) VALUES ("19va. CUOTA CDEI-V13", 0, 1000, 9999999, "15/06/2025", null, null, "N/A", null, null, "UPEA");
INSERT INTO products (name, purchase_price, sale_price, stock, description, image, bar_code, location, minimum_stock, code, tenant) VALUES ("20va. CUOTA CDEI-V13", 0, 1000, 9999999, "15/07/2025", null, null, "N/A", null, null, "UPEA");
INSERT INTO products (name, purchase_price, sale_price, stock, description, image, bar_code, location, minimum_stock, code, tenant) VALUES ("21va. CUOTA CDEI-V13", 0, 1000, 9999999, "15/08/2025", null, null, "N/A", null, null, "UPEA");
INSERT INTO products (name, purchase_price, sale_price, stock, description, image, bar_code, location, minimum_stock, code, tenant) VALUES ("22va. CUOTA CDEI-V13", 0, 1000, 9999999, "15/09/2025", null, null, "N/A", null, null, "UPEA");
INSERT INTO products (name, purchase_price, sale_price, stock, description, image, bar_code, location, minimum_stock, code, tenant) VALUES ("23ra. CUOTA CDEI-V13", 0, 1000, 9999999, "15/10/2025", null, null, "N/A", null, null, "UPEA");
INSERT INTO products (name, purchase_price, sale_price, stock, description, image, bar_code, location, minimum_stock, code, tenant) VALUES ("24ta. CUOTA CDEI-V13", 0, 1000, 9999999, "15/11/2025", null, null, "N/A", null, null, "UPEA");
INSERT INTO products (name, purchase_price, sale_price, stock, description, image, bar_code, location, minimum_stock, code, tenant) VALUES ("25ta. CUOTA CDEI-V13", 0, 1000, 9999999, "15/01/2026", null, null, "N/A", null, null, "UPEA");

-- DOCTORADO EN CIENCIAS DE LA EDUCACION E INVESTIGACION VERSION 13 - (CDEI-V13)
INSERT INTO products (name, purchase_price, sale_price, stock, description, image, bar_code, location, minimum_stock, code, tenant) VALUES ("MATRICULA 1 MIAMLDS I", 0, 1000, 9999999, "10/09/2023", null, null, "N/A", null, null, "UPEA");
INSERT INTO products (name, purchase_price, sale_price, stock, description, image, bar_code, location, minimum_stock, code, tenant) VALUES ("MATRICULA 2 MIAMLDS I", 0, 1000, 9999999, "15/08/2024", null, null, "N/A", null, null, "UPEA");
INSERT INTO products (name, purchase_price, sale_price, stock, description, image, bar_code, location, minimum_stock, code, tenant) VALUES ("Cuota inicial MIAMLDS I", 0, 1000, 9999999, "10/09/2023", null, null, "N/A", null, null, "UPEA");
INSERT INTO products (name, purchase_price, sale_price, stock, description, image, bar_code, location, minimum_stock, code, tenant) VALUES ("1era. CUOTA MIAMLDS I", 0, 1000, 9999999, "16/10/2023", null, null, "N/A", null, null, "UPEA");
INSERT INTO products (name, purchase_price, sale_price, stock, description, image, bar_code, location, minimum_stock, code, tenant) VALUES ("2da. CUOTA MIAMLDS I", 0, 1000, 9999999, "15/11/2023", null, null, "N/A", null, null, "UPEA");
INSERT INTO products (name, purchase_price, sale_price, stock, description, image, bar_code, location, minimum_stock, code, tenant) VALUES ("3ra. CUOTA MIAMLDS I", 0, 1000, 9999999, "15/01/2024", null, null, "N/A", null, null, "UPEA");
INSERT INTO products (name, purchase_price, sale_price, stock, description, image, bar_code, location, minimum_stock, code, tenant) VALUES ("4ta. CUOTA MIAMLDS I", 0, 1000, 9999999, "15/02/2024", null, null, "N/A", null, null, "UPEA");
INSERT INTO products (name, purchase_price, sale_price, stock, description, image, bar_code, location, minimum_stock, code, tenant) VALUES ("5ta. CUOTA MIAMLDS I", 0, 1000, 9999999, "15/03/2024", null, null, "N/A", null, null, "UPEA");
INSERT INTO products (name, purchase_price, sale_price, stock, description, image, bar_code, location, minimum_stock, code, tenant) VALUES ("6ta. CUOTA MIAMLDS I", 0, 1000, 9999999, "15/04/2024", null, null, "N/A", null, null, "UPEA");
INSERT INTO products (name, purchase_price, sale_price, stock, description, image, bar_code, location, minimum_stock, code, tenant) VALUES ("7ma. CUOTA MIAMLDS I", 0, 1000, 9999999, "15/05/2024", null, null, "N/A", null, null, "UPEA");
INSERT INTO products (name, purchase_price, sale_price, stock, description, image, bar_code, location, minimum_stock, code, tenant) VALUES ("8va. CUOTA MIAMLDS I", 0, 1000, 9999999, "15/06/2024", null, null, "N/A", null, null, "UPEA");
INSERT INTO products (name, purchase_price, sale_price, stock, description, image, bar_code, location, minimum_stock, code, tenant) VALUES ("9na. CUOTA MIAMLDS I", 0, 1000, 9999999, "15/07/2024", null, null, "N/A", null, null, "UPEA");
INSERT INTO products (name, purchase_price, sale_price, stock, description, image, bar_code, location, minimum_stock, code, tenant) VALUES ("10ma. CUOTA MIAMLDS I", 0, 1000, 9999999, "14/08/2024", null, null, "N/A", null, null, "UPEA");
INSERT INTO products (name, purchase_price, sale_price, stock, description, image, bar_code, location, minimum_stock, code, tenant) VALUES ("11va. CUOTA MIAMLDS I", 0, 1000, 9999999, "15/09/2024", null, null, "N/A", null, null, "UPEA");

-- ******* MENSUALIDADES POR MES *******
INSERT INTO products (name, purchase_price, sale_price, stock, description, image, bar_code, location, minimum_stock, code, tenant) VALUES ("ENERO", 0, 1000, 9999999, "07/02/2026", null, null, "N/A", null, null, "UPEA");
INSERT INTO products (name, purchase_price, sale_price, stock, description, image, bar_code, location, minimum_stock, code, tenant) VALUES ("FEBRERO", 0, 1000, 9999999, "07/03/2026", null, null, "N/A", null, null, "UPEA");
INSERT INTO products (name, purchase_price, sale_price, stock, description, image, bar_code, location, minimum_stock, code, tenant) VALUES ("MARZO", 0, 1000, 9999999, "07/04/2026", null, null, "N/A", null, null, "UPEA");
INSERT INTO products (name, purchase_price, sale_price, stock, description, image, bar_code, location, minimum_stock, code, tenant) VALUES ("ABRIL", 0, 1000, 9999999, "07/05/2026", null, null, "N/A", null, null, "UPEA");
INSERT INTO products (name, purchase_price, sale_price, stock, description, image, bar_code, location, minimum_stock, code, tenant) VALUES ("MAYO", 0, 1000, 9999999, "07/06/2026", null, null, "N/A", null, null, "UPEA");
INSERT INTO products (name, purchase_price, sale_price, stock, description, image, bar_code, location, minimum_stock, code, tenant) VALUES ("JUNIO", 0, 1000, 9999999, "07/07/2026", null, null, "N/A", null, null, "UPEA");
INSERT INTO products (name, purchase_price, sale_price, stock, description, image, bar_code, location, minimum_stock, code, tenant) VALUES ("JULIO", 0, 1000, 9999999, "07/08/2026", null, null, "N/A", null, null, "UPEA");
INSERT INTO products (name, purchase_price, sale_price, stock, description, image, bar_code, location, minimum_stock, code, tenant) VALUES ("AGOSTO", 0, 1000, 9999999, "07/09/2026", null, null, "N/A", null, null, "UPEA");
INSERT INTO products (name, purchase_price, sale_price, stock, description, image, bar_code, location, minimum_stock, code, tenant) VALUES ("SEPTIEMBRE", 0, 1000, 9999999, "07/10/2026", null, null, "N/A", null, null, "UPEA");
INSERT INTO products (name, purchase_price, sale_price, stock, description, image, bar_code, location, minimum_stock, code, tenant) VALUES ("OCTUBRE", 0, 1000, 9999999, "07/11/2026", null, null, "N/A", null, null, "UPEA");
INSERT INTO products (name, purchase_price, sale_price, stock, description, image, bar_code, location, minimum_stock, code, tenant) VALUES ("NOVIEMBRE", 0, 1000, 9999999, "07/12/2026", null, null, "N/A", null, null, "UPEA");
INSERT INTO products (name, purchase_price, sale_price, stock, description, image, bar_code, location, minimum_stock, code, tenant) VALUES ("DICIEMBRE", 0, 1000, 9999999, "07/01/2027", null, null, "N/A", null, null, "UPEA");

-- ******* AGRUPACION *******
INSERT INTO product_groups (name, tenant, aux) VALUES ("DOCTORADO EN CIENCIAS Y TECNOLOGIA V03", "UPEA", "DCT-E_V03_B");
INSERT INTO product_groups (name, tenant, aux) VALUES ("DOCTORADO EN CIENCIAS DE LA EDUCACION E INVESTIGACION V13", "UPEA", "DCEI_V13");
INSERT INTO product_groups (name, tenant, aux) VALUES ("MAESTRIA INT ARTIFICIAL MACHINE LEARNING DATA SCIENCE V1", "UPEA", "MIAMLDS_I");
INSERT INTO escuela_cursos (name, short_name, gestion, tenant, created_by, creation_date) VALUES ("DOCTORADO EN CIENCIAS Y TECNOLOGIA V03", "DCT-E_V03_B", "2023", "UPEA", "SysEscuelaAdmin", "2021-11-01");
INSERT INTO escuela_cursos (name, short_name, gestion, tenant, created_by, creation_date) VALUES ("DOCTORADO EN CIENCIAS DE LA EDUCACION E INVESTIGACION V13", "DCEI_V13", "2023", "UPEA", "SysEscuelaAdmin", "2021-11-01");
INSERT INTO escuela_cursos (name, short_name, gestion, tenant, created_by, creation_date) VALUES ("MAESTRIA INT ARTIFICIAL MACHINE LEARNING DATA SCIENCE V1", "MIAMLDS_I", "2023", "UPEA", "SysEscuelaAdmin", "2021-11-01");

-- DOCTORADO EN CIENCIAS Y TECNOLOGIA V03
INSERT INTO product_groups_products (id_product, id_product_group, tenant) VALUES ((select id from products where name="MATRICULA 1 DCTE-V03"), (select id from product_groups where name="DOCTORADO EN CIENCIAS Y TECNOLOGIA V03"), "UPEA");
INSERT INTO product_groups_products (id_product, id_product_group, tenant) VALUES ((select id from products where name="MATRICULA 2 DCTE-V03"), (select id from product_groups where name="DOCTORADO EN CIENCIAS Y TECNOLOGIA V03"), "UPEA");
INSERT INTO product_groups_products (id_product, id_product_group, tenant) VALUES ((select id from products where name="MATRICULA 3 DCTE-V03"), (select id from product_groups where name="DOCTORADO EN CIENCIAS Y TECNOLOGIA V03"), "UPEA");
INSERT INTO product_groups_products (id_product, id_product_group, tenant) VALUES ((select id from products where name="Cuota inicial DCTE-V03"), (select id from product_groups where name="DOCTORADO EN CIENCIAS Y TECNOLOGIA V03"), "UPEA");
INSERT INTO product_groups_products (id_product, id_product_group, tenant) VALUES ((select id from products where name="1era. CUOTA DCTE-V03"), (select id from product_groups where name="DOCTORADO EN CIENCIAS Y TECNOLOGIA V03"), "UPEA");
INSERT INTO product_groups_products (id_product, id_product_group, tenant) VALUES ((select id from products where name="2da. CUOTA DCTE-V03"), (select id from product_groups where name="DOCTORADO EN CIENCIAS Y TECNOLOGIA V03"), "UPEA");
INSERT INTO product_groups_products (id_product, id_product_group, tenant) VALUES ((select id from products where name="3ra. CUOTA DCTE-V03"), (select id from product_groups where name="DOCTORADO EN CIENCIAS Y TECNOLOGIA V03"), "UPEA");
INSERT INTO product_groups_products (id_product, id_product_group, tenant) VALUES ((select id from products where name="4ta. CUOTA DCTE-V03"), (select id from product_groups where name="DOCTORADO EN CIENCIAS Y TECNOLOGIA V03"), "UPEA");
INSERT INTO product_groups_products (id_product, id_product_group, tenant) VALUES ((select id from products where name="5ta. CUOTA DCTE-V03"), (select id from product_groups where name="DOCTORADO EN CIENCIAS Y TECNOLOGIA V03"), "UPEA");
INSERT INTO product_groups_products (id_product, id_product_group, tenant) VALUES ((select id from products where name="6ta. CUOTA DCTE-V03"), (select id from product_groups where name="DOCTORADO EN CIENCIAS Y TECNOLOGIA V03"), "UPEA");
INSERT INTO product_groups_products (id_product, id_product_group, tenant) VALUES ((select id from products where name="7ma. CUOTA DCTE-V03"), (select id from product_groups where name="DOCTORADO EN CIENCIAS Y TECNOLOGIA V03"), "UPEA");
INSERT INTO product_groups_products (id_product, id_product_group, tenant) VALUES ((select id from products where name="8va. CUOTA DCTE-V03"), (select id from product_groups where name="DOCTORADO EN CIENCIAS Y TECNOLOGIA V03"), "UPEA");
INSERT INTO product_groups_products (id_product, id_product_group, tenant) VALUES ((select id from products where name="9na. CUOTA DCTE-V03"), (select id from product_groups where name="DOCTORADO EN CIENCIAS Y TECNOLOGIA V03"), "UPEA");
INSERT INTO product_groups_products (id_product, id_product_group, tenant) VALUES ((select id from products where name="10ma. CUOTA DCTE-V03"), (select id from product_groups where name="DOCTORADO EN CIENCIAS Y TECNOLOGIA V03"), "UPEA");
INSERT INTO product_groups_products (id_product, id_product_group, tenant) VALUES ((select id from products where name="11va. CUOTA DCTE-V03"), (select id from product_groups where name="DOCTORADO EN CIENCIAS Y TECNOLOGIA V03"), "UPEA");
INSERT INTO product_groups_products (id_product, id_product_group, tenant) VALUES ((select id from products where name="12va. CUOTA DCTE-V03"), (select id from product_groups where name="DOCTORADO EN CIENCIAS Y TECNOLOGIA V03"), "UPEA");
INSERT INTO product_groups_products (id_product, id_product_group, tenant) VALUES ((select id from products where name="13va. CUOTA DCTE-V03"), (select id from product_groups where name="DOCTORADO EN CIENCIAS Y TECNOLOGIA V03"), "UPEA");
INSERT INTO product_groups_products (id_product, id_product_group, tenant) VALUES ((select id from products where name="14va. CUOTA DCTE-V03"), (select id from product_groups where name="DOCTORADO EN CIENCIAS Y TECNOLOGIA V03"), "UPEA");
INSERT INTO product_groups_products (id_product, id_product_group, tenant) VALUES ((select id from products where name="15va. CUOTA DCTE-V03"), (select id from product_groups where name="DOCTORADO EN CIENCIAS Y TECNOLOGIA V03"), "UPEA");
INSERT INTO product_groups_products (id_product, id_product_group, tenant) VALUES ((select id from products where name="16va. CUOTA DCTE-V03"), (select id from product_groups where name="DOCTORADO EN CIENCIAS Y TECNOLOGIA V03"), "UPEA");
INSERT INTO product_groups_products (id_product, id_product_group, tenant) VALUES ((select id from products where name="17va. CUOTA DCTE-V03"), (select id from product_groups where name="DOCTORADO EN CIENCIAS Y TECNOLOGIA V03"), "UPEA");
INSERT INTO product_groups_products (id_product, id_product_group, tenant) VALUES ((select id from products where name="18va. CUOTA DCTE-V03"), (select id from product_groups where name="DOCTORADO EN CIENCIAS Y TECNOLOGIA V03"), "UPEA");
INSERT INTO product_groups_products (id_product, id_product_group, tenant) VALUES ((select id from products where name="19va. CUOTA DCTE-V03"), (select id from product_groups where name="DOCTORADO EN CIENCIAS Y TECNOLOGIA V03"), "UPEA");
INSERT INTO product_groups_products (id_product, id_product_group, tenant) VALUES ((select id from products where name="20va. CUOTA DCTE-V03"), (select id from product_groups where name="DOCTORADO EN CIENCIAS Y TECNOLOGIA V03"), "UPEA");
INSERT INTO product_groups_products (id_product, id_product_group, tenant) VALUES ((select id from products where name="21va. CUOTA DCTE-V03"), (select id from product_groups where name="DOCTORADO EN CIENCIAS Y TECNOLOGIA V03"), "UPEA");
INSERT INTO product_groups_products (id_product, id_product_group, tenant) VALUES ((select id from products where name="22va. CUOTA DCTE-V03"), (select id from product_groups where name="DOCTORADO EN CIENCIAS Y TECNOLOGIA V03"), "UPEA");

-- DOCTORADO EN CIENCIAS DE LA EDUCACION E INVESTIGACION V13
INSERT INTO product_groups_products (id_product, id_product_group, tenant) VALUES ((select id from products where name="MATRICULA 1 CDEI-V13"), (select id from product_groups where name="DOCTORADO EN CIENCIAS DE LA EDUCACION E INVESTIGACION V13"), "UPEA");
INSERT INTO product_groups_products (id_product, id_product_group, tenant) VALUES ((select id from products where name="MATRICULA 2 CDEI-V13"), (select id from product_groups where name="DOCTORADO EN CIENCIAS DE LA EDUCACION E INVESTIGACION V13"), "UPEA");
INSERT INTO product_groups_products (id_product, id_product_group, tenant) VALUES ((select id from products where name="MATRICULA 3 CDEI-V13"), (select id from product_groups where name="DOCTORADO EN CIENCIAS DE LA EDUCACION E INVESTIGACION V13"), "UPEA");
INSERT INTO product_groups_products (id_product, id_product_group, tenant) VALUES ((select id from products where name="Cuota inicial CDEI-V13"), (select id from product_groups where name="DOCTORADO EN CIENCIAS DE LA EDUCACION E INVESTIGACION V13"), "UPEA");
INSERT INTO product_groups_products (id_product, id_product_group, tenant) VALUES ((select id from products where name="1era. CUOTA CDEI-V13"), (select id from product_groups where name="DOCTORADO EN CIENCIAS DE LA EDUCACION E INVESTIGACION V13"), "UPEA");
INSERT INTO product_groups_products (id_product, id_product_group, tenant) VALUES ((select id from products where name="2da. CUOTA CDEI-V13"), (select id from product_groups where name="DOCTORADO EN CIENCIAS DE LA EDUCACION E INVESTIGACION V13"), "UPEA");
INSERT INTO product_groups_products (id_product, id_product_group, tenant) VALUES ((select id from products where name="3ra. CUOTA CDEI-V13"), (select id from product_groups where name="DOCTORADO EN CIENCIAS DE LA EDUCACION E INVESTIGACION V13"), "UPEA");
INSERT INTO product_groups_products (id_product, id_product_group, tenant) VALUES ((select id from products where name="4ta. CUOTA CDEI-V13"), (select id from product_groups where name="DOCTORADO EN CIENCIAS DE LA EDUCACION E INVESTIGACION V13"), "UPEA");
INSERT INTO product_groups_products (id_product, id_product_group, tenant) VALUES ((select id from products where name="5ta. CUOTA CDEI-V13"), (select id from product_groups where name="DOCTORADO EN CIENCIAS DE LA EDUCACION E INVESTIGACION V13"), "UPEA");
INSERT INTO product_groups_products (id_product, id_product_group, tenant) VALUES ((select id from products where name="6ta. CUOTA CDEI-V13"), (select id from product_groups where name="DOCTORADO EN CIENCIAS DE LA EDUCACION E INVESTIGACION V13"), "UPEA");
INSERT INTO product_groups_products (id_product, id_product_group, tenant) VALUES ((select id from products where name="7ma. CUOTA CDEI-V13"), (select id from product_groups where name="DOCTORADO EN CIENCIAS DE LA EDUCACION E INVESTIGACION V13"), "UPEA");
INSERT INTO product_groups_products (id_product, id_product_group, tenant) VALUES ((select id from products where name="8va. CUOTA CDEI-V13"), (select id from product_groups where name="DOCTORADO EN CIENCIAS DE LA EDUCACION E INVESTIGACION V13"), "UPEA");
INSERT INTO product_groups_products (id_product, id_product_group, tenant) VALUES ((select id from products where name="9na. CUOTA CDEI-V13"), (select id from product_groups where name="DOCTORADO EN CIENCIAS DE LA EDUCACION E INVESTIGACION V13"), "UPEA");
INSERT INTO product_groups_products (id_product, id_product_group, tenant) VALUES ((select id from products where name="10ma. CUOTA CDEI-V13"), (select id from product_groups where name="DOCTORADO EN CIENCIAS DE LA EDUCACION E INVESTIGACION V13"), "UPEA");
INSERT INTO product_groups_products (id_product, id_product_group, tenant) VALUES ((select id from products where name="11va. CUOTA CDEI-V13"), (select id from product_groups where name="DOCTORADO EN CIENCIAS DE LA EDUCACION E INVESTIGACION V13"), "UPEA");
INSERT INTO product_groups_products (id_product, id_product_group, tenant) VALUES ((select id from products where name="12va. CUOTA CDEI-V13"), (select id from product_groups where name="DOCTORADO EN CIENCIAS DE LA EDUCACION E INVESTIGACION V13"), "UPEA");
INSERT INTO product_groups_products (id_product, id_product_group, tenant) VALUES ((select id from products where name="13va. CUOTA CDEI-V13"), (select id from product_groups where name="DOCTORADO EN CIENCIAS DE LA EDUCACION E INVESTIGACION V13"), "UPEA");
INSERT INTO product_groups_products (id_product, id_product_group, tenant) VALUES ((select id from products where name="14va. CUOTA CDEI-V13"), (select id from product_groups where name="DOCTORADO EN CIENCIAS DE LA EDUCACION E INVESTIGACION V13"), "UPEA");
INSERT INTO product_groups_products (id_product, id_product_group, tenant) VALUES ((select id from products where name="15va. CUOTA CDEI-V13"), (select id from product_groups where name="DOCTORADO EN CIENCIAS DE LA EDUCACION E INVESTIGACION V13"), "UPEA");
INSERT INTO product_groups_products (id_product, id_product_group, tenant) VALUES ((select id from products where name="16va. CUOTA CDEI-V13"), (select id from product_groups where name="DOCTORADO EN CIENCIAS DE LA EDUCACION E INVESTIGACION V13"), "UPEA");
INSERT INTO product_groups_products (id_product, id_product_group, tenant) VALUES ((select id from products where name="17va. CUOTA CDEI-V13"), (select id from product_groups where name="DOCTORADO EN CIENCIAS DE LA EDUCACION E INVESTIGACION V13"), "UPEA");
INSERT INTO product_groups_products (id_product, id_product_group, tenant) VALUES ((select id from products where name="18va. CUOTA CDEI-V13"), (select id from product_groups where name="DOCTORADO EN CIENCIAS DE LA EDUCACION E INVESTIGACION V13"), "UPEA");
INSERT INTO product_groups_products (id_product, id_product_group, tenant) VALUES ((select id from products where name="19va. CUOTA CDEI-V13"), (select id from product_groups where name="DOCTORADO EN CIENCIAS DE LA EDUCACION E INVESTIGACION V13"), "UPEA");
INSERT INTO product_groups_products (id_product, id_product_group, tenant) VALUES ((select id from products where name="20va. CUOTA CDEI-V13"), (select id from product_groups where name="DOCTORADO EN CIENCIAS DE LA EDUCACION E INVESTIGACION V13"), "UPEA");
INSERT INTO product_groups_products (id_product, id_product_group, tenant) VALUES ((select id from products where name="21va. CUOTA CDEI-V13"), (select id from product_groups where name="DOCTORADO EN CIENCIAS DE LA EDUCACION E INVESTIGACION V13"), "UPEA");
INSERT INTO product_groups_products (id_product, id_product_group, tenant) VALUES ((select id from products where name="22va. CUOTA CDEI-V13"), (select id from product_groups where name="DOCTORADO EN CIENCIAS DE LA EDUCACION E INVESTIGACION V13"), "UPEA");
INSERT INTO product_groups_products (id_product, id_product_group, tenant) VALUES ((select id from products where name="23ra. CUOTA CDEI-V13"), (select id from product_groups where name="DOCTORADO EN CIENCIAS DE LA EDUCACION E INVESTIGACION V13"), "UPEA");
INSERT INTO product_groups_products (id_product, id_product_group, tenant) VALUES ((select id from products where name="24ta. CUOTA CDEI-V13"), (select id from product_groups where name="DOCTORADO EN CIENCIAS DE LA EDUCACION E INVESTIGACION V13"), "UPEA");
INSERT INTO product_groups_products (id_product, id_product_group, tenant) VALUES ((select id from products where name="25ta. CUOTA CDEI-V13"), (select id from product_groups where name="DOCTORADO EN CIENCIAS DE LA EDUCACION E INVESTIGACION V13"), "UPEA");

-- MAESTRIA INT ARTIFICIAL MACHINE LEARNING DATA SCIENCE V1
INSERT INTO product_groups_products (id_product, id_product_group, tenant) VALUES ((select id from products where name="MATRICULA 1 MIAMLDS I"), (select id from product_groups where name="MAESTRIA INT ARTIFICIAL MACHINE LEARNING DATA SCIENCE V1"), "UPEA");
INSERT INTO product_groups_products (id_product, id_product_group, tenant) VALUES ((select id from products where name="MATRICULA 2 MIAMLDS I"), (select id from product_groups where name="MAESTRIA INT ARTIFICIAL MACHINE LEARNING DATA SCIENCE V1"), "UPEA");
INSERT INTO product_groups_products (id_product, id_product_group, tenant) VALUES ((select id from products where name="Cuota inicial MIAMLDS I"), (select id from product_groups where name="MAESTRIA INT ARTIFICIAL MACHINE LEARNING DATA SCIENCE V1"), "UPEA");
INSERT INTO product_groups_products (id_product, id_product_group, tenant) VALUES ((select id from products where name="1era. CUOTA MIAMLDS I"), (select id from product_groups where name="MAESTRIA INT ARTIFICIAL MACHINE LEARNING DATA SCIENCE V1"), "UPEA");
INSERT INTO product_groups_products (id_product, id_product_group, tenant) VALUES ((select id from products where name="2da. CUOTA MIAMLDS I"), (select id from product_groups where name="MAESTRIA INT ARTIFICIAL MACHINE LEARNING DATA SCIENCE V1"), "UPEA");
INSERT INTO product_groups_products (id_product, id_product_group, tenant) VALUES ((select id from products where name="3ra. CUOTA MIAMLDS I"), (select id from product_groups where name="MAESTRIA INT ARTIFICIAL MACHINE LEARNING DATA SCIENCE V1"), "UPEA");
INSERT INTO product_groups_products (id_product, id_product_group, tenant) VALUES ((select id from products where name="4ta. CUOTA MIAMLDS I"), (select id from product_groups where name="MAESTRIA INT ARTIFICIAL MACHINE LEARNING DATA SCIENCE V1"), "UPEA");
INSERT INTO product_groups_products (id_product, id_product_group, tenant) VALUES ((select id from products where name="5ta. CUOTA MIAMLDS I"), (select id from product_groups where name="MAESTRIA INT ARTIFICIAL MACHINE LEARNING DATA SCIENCE V1"), "UPEA");
INSERT INTO product_groups_products (id_product, id_product_group, tenant) VALUES ((select id from products where name="6ta. CUOTA MIAMLDS I"), (select id from product_groups where name="MAESTRIA INT ARTIFICIAL MACHINE LEARNING DATA SCIENCE V1"), "UPEA");
INSERT INTO product_groups_products (id_product, id_product_group, tenant) VALUES ((select id from products where name="7ma. CUOTA MIAMLDS I"), (select id from product_groups where name="MAESTRIA INT ARTIFICIAL MACHINE LEARNING DATA SCIENCE V1"), "UPEA");
INSERT INTO product_groups_products (id_product, id_product_group, tenant) VALUES ((select id from products where name="8va. CUOTA MIAMLDS I"), (select id from product_groups where name="MAESTRIA INT ARTIFICIAL MACHINE LEARNING DATA SCIENCE V1"), "UPEA");
INSERT INTO product_groups_products (id_product, id_product_group, tenant) VALUES ((select id from products where name="9na. CUOTA MIAMLDS I"), (select id from product_groups where name="MAESTRIA INT ARTIFICIAL MACHINE LEARNING DATA SCIENCE V1"), "UPEA");
INSERT INTO product_groups_products (id_product, id_product_group, tenant) VALUES ((select id from products where name="10ma. CUOTA MIAMLDS I"), (select id from product_groups where name="MAESTRIA INT ARTIFICIAL MACHINE LEARNING DATA SCIENCE V1"), "UPEA");
INSERT INTO product_groups_products (id_product, id_product_group, tenant) VALUES ((select id from products where name="11va. CUOTA MIAMLDS I"), (select id from product_groups where name="MAESTRIA INT ARTIFICIAL MACHINE LEARNING DATA SCIENCE V1"), "UPEA");

-- ACADEMIA GENESIS

-- DISEÑO PROG SISTEM MONITOREO LOCAL REMOTO CON PLC HMIS WEB
INSERT INTO products (name, purchase_price, sale_price, stock, description, image, bar_code, location, minimum_stock, code, tenant) VALUES ("CUOTA DP_MLR", 0, 150, 9999999, "16/10/2023", null, null, "N/A", null, null, "ACADEMIA_GENESIS");
-- CREACION PAGO CAMPAÑAS PUBLICITARIAS TIK TOK FACEBOOK
INSERT INTO products (name, purchase_price, sale_price, stock, description, image, bar_code, location, minimum_stock, code, tenant) VALUES ("CUOTA CPAGC_TIK_FA", 0, 120, 9999999, "16/10/2023", null, null, "N/A", null, null, "ACADEMIA_GENESIS");
-- MANIOBRAS PROCEDIMIENTO LINEAS ENERGIZADA ALTA TENSION
INSERT INTO products (name, purchase_price, sale_price, stock, description, image, bar_code, location, minimum_stock, code, tenant) VALUES ("CUOTA MPROC_AT", 0, 150, 9999999, "16/10/2023", null, null, "N/A", null, null, "ACADEMIA_GENESIS");
-- DETECCION FALLAS EQUIPOS IMAGENOLOGIA SOLUCIONES GARANTIAS
INSERT INTO products (name, purchase_price, sale_price, stock, description, image, bar_code, location, minimum_stock, code, tenant) VALUES ("CUOTA DEFAEQ_SOLUC", 0, 200, 9999999, "16/10/2023", null, null, "N/A", null, null, "ACADEMIA_GENESIS");
-- SIST. INMOVILIZADORES Y PROGRAMACION VEHICULAR
INSERT INTO products (name, purchase_price, sale_price, stock, description, image, bar_code, location, minimum_stock, code, tenant) VALUES ("CUOTA SINMV_PROGVEH", 0, 150, 9999999, "16/10/2023", null, null, "N/A", null, null, "ACADEMIA_GENESIS");
-- TOPOGRAFIA MODELADO PARA LINEAS ALTA TENSION
INSERT INTO products (name, purchase_price, sale_price, stock, description, image, bar_code, location, minimum_stock, code, tenant) VALUES ("CUOTA TOP_LINALT", 0, 120, 9999999, "16/10/2023", null, null, "N/A", null, null, "ACADEMIA_GENESIS");
-- VULNERACION INTRUSION EN REDES Y SIST. INFORMATICOS
INSERT INTO products (name, purchase_price, sale_price, stock, description, image, bar_code, location, minimum_stock, code, tenant) VALUES ("CUOTA VIRE_SISINF", 0, 150, 9999999, "16/10/2023", null, null, "N/A", null, null, "ACADEMIA_GENESIS");
-- ENCR. VPN SEGURIDAD REDES EMPRESARIALES E IND
INSERT INTO products (name, purchase_price, sale_price, stock, description, image, bar_code, location, minimum_stock, code, tenant) VALUES ("CUOTA ENC_VPN_SEG", 0, 150, 9999999, "16/10/2023", null, null, "N/A", null, null, "ACADEMIA_GENESIS");
-- REACONDICIONAMIENTO Y RE DISEÑO ELEVADORES CARGA
INSERT INTO products (name, purchase_price, sale_price, stock, description, image, bar_code, location, minimum_stock, code, tenant) VALUES ("CUOTA REAC_ELECARG", 0, 200, 9999999, "16/10/2023", null, null, "N/A", null, null, "ACADEMIA_GENESIS");
-- CONSTRUCCION Y RECONSTRUCCION DE DE CAPAS ASFALTICAS
INSERT INTO products (name, purchase_price, sale_price, stock, description, image, bar_code, location, minimum_stock, code, tenant) VALUES ("CUOTA CONS_CAPASFA", 0, 120, 9999999, "16/10/2023", null, null, "N/A", null, null, "ACADEMIA_GENESIS");
-- AUDITORIA FORENSE EMPRESARIAL
INSERT INTO products (name, purchase_price, sale_price, stock, description, image, bar_code, location, minimum_stock, code, tenant) VALUES ("CUOTA AUD_FOR_EMPR", 0, 100, 9999999, "16/10/2023", null, null, "N/A", null, null, "ACADEMIA_GENESIS");
-- DISEÑO COSTOS Y RECONSTRUCCION DRYWALL
INSERT INTO products (name, purchase_price, sale_price, stock, description, image, bar_code, location, minimum_stock, code, tenant) VALUES ("CUOTA DIS_REC_DRY", 0, 120, 9999999, "16/10/2023", null, null, "N/A", null, null, "ACADEMIA_GENESIS");

-- ******* MENSUALIDADES POR MES *******
INSERT INTO products (name, purchase_price, sale_price, stock, description, image, bar_code, location, minimum_stock, code, tenant) VALUES ("ENERO", 0, 1000, 9999999, "07/02/2026", null, null, "N/A", null, null, "ACADEMIA_GENESIS");
INSERT INTO products (name, purchase_price, sale_price, stock, description, image, bar_code, location, minimum_stock, code, tenant) VALUES ("FEBRERO", 0, 1000, 9999999, "07/03/2026", null, null, "N/A", null, null, "ACADEMIA_GENESIS");
INSERT INTO products (name, purchase_price, sale_price, stock, description, image, bar_code, location, minimum_stock, code, tenant) VALUES ("MARZO", 0, 1000, 9999999, "07/04/2026", null, null, "N/A", null, null, "ACADEMIA_GENESIS");
INSERT INTO products (name, purchase_price, sale_price, stock, description, image, bar_code, location, minimum_stock, code, tenant) VALUES ("ABRIL", 0, 1000, 9999999, "07/05/2026", null, null, "N/A", null, null, "ACADEMIA_GENESIS");
INSERT INTO products (name, purchase_price, sale_price, stock, description, image, bar_code, location, minimum_stock, code, tenant) VALUES ("MAYO", 0, 1000, 9999999, "07/06/2026", null, null, "N/A", null, null, "ACADEMIA_GENESIS");
INSERT INTO products (name, purchase_price, sale_price, stock, description, image, bar_code, location, minimum_stock, code, tenant) VALUES ("JUNIO", 0, 1000, 9999999, "07/07/2026", null, null, "N/A", null, null, "ACADEMIA_GENESIS");
INSERT INTO products (name, purchase_price, sale_price, stock, description, image, bar_code, location, minimum_stock, code, tenant) VALUES ("JULIO", 0, 1000, 9999999, "07/08/2026", null, null, "N/A", null, null, "ACADEMIA_GENESIS");
INSERT INTO products (name, purchase_price, sale_price, stock, description, image, bar_code, location, minimum_stock, code, tenant) VALUES ("AGOSTO", 0, 1000, 9999999, "07/09/2026", null, null, "N/A", null, null, "ACADEMIA_GENESIS");
INSERT INTO products (name, purchase_price, sale_price, stock, description, image, bar_code, location, minimum_stock, code, tenant) VALUES ("SEPTIEMBRE", 0, 1000, 9999999, "07/10/2026", null, null, "N/A", null, null, "ACADEMIA_GENESIS");
INSERT INTO products (name, purchase_price, sale_price, stock, description, image, bar_code, location, minimum_stock, code, tenant) VALUES ("OCTUBRE", 0, 1000, 9999999, "07/11/2026", null, null, "N/A", null, null, "ACADEMIA_GENESIS");
INSERT INTO products (name, purchase_price, sale_price, stock, description, image, bar_code, location, minimum_stock, code, tenant) VALUES ("NOVIEMBRE", 0, 1000, 9999999, "07/12/2026", null, null, "N/A", null, null, "ACADEMIA_GENESIS");
INSERT INTO products (name, purchase_price, sale_price, stock, description, image, bar_code, location, minimum_stock, code, tenant) VALUES ("DICIEMBRE", 0, 1000, 9999999, "07/01/2027", null, null, "N/A", null, null, "ACADEMIA_GENESIS");

-- ******* AGRUPACION *******
INSERT INTO product_groups (name, tenant, aux) VALUES ("DISEÑO PROG SISTEM MONITOREO LOCAL REMOTO CON PLC HMIS WEB", "ACADEMIA_GENESIS", "DP_MLR");
INSERT INTO product_groups (name, tenant, aux) VALUES ("CREACION PAGO CAMPAÑAS PUBLICITARIAS TIK TOK FACEBOOK", "ACADEMIA_GENESIS", "CPAGC_TIK_FA");
INSERT INTO product_groups (name, tenant, aux) VALUES ("MANIOBRAS PROCEDIMIENTO LINEAS ENERGIZADA ALTA TENSION", "ACADEMIA_GENESIS", "MPROC_AT");
INSERT INTO product_groups (name, tenant, aux) VALUES ("DETECCION FALLAS EQUIPOS IMAGENOLOGIA SOLUCIONES GARANTIAS", "ACADEMIA_GENESIS", "DEFAEQ_SOLUC");
INSERT INTO product_groups (name, tenant, aux) VALUES ("SIST. INMOVILIZADORES Y PROGRAMACION VEHICULAR", "ACADEMIA_GENESIS", "SINMV_PROGVEH");
INSERT INTO product_groups (name, tenant, aux) VALUES ("TOPOGRAFIA MODELADO PARA LINEAS ALTA TENSION", "ACADEMIA_GENESIS", "TOP_LINALT");
INSERT INTO product_groups (name, tenant, aux) VALUES ("VULNERACION INTRUSION EN REDES Y SIST. INFORMATICOS", "ACADEMIA_GENESIS", "VIRE_SISINF");
INSERT INTO product_groups (name, tenant, aux) VALUES ("ENCR. VPN SEGURIDAD REDES EMPRESARIALES E IND", "ACADEMIA_GENESIS", "ENC_VPN_SEG");
INSERT INTO product_groups (name, tenant, aux) VALUES ("REACONDICIONAMIENTO Y RE DISEÑO ELEVADORES CARGA", "ACADEMIA_GENESIS", "REAC_ELECARG");
INSERT INTO product_groups (name, tenant, aux) VALUES ("CONSTRUCCION Y RECONSTRUCCION DE DE CAPAS ASFALTICAS", "ACADEMIA_GENESIS", "CONS_CAPASFA");
INSERT INTO product_groups (name, tenant, aux) VALUES ("AUDITORIA FORENSE EMPRESARIAL", "ACADEMIA_GENESIS", "AUD_FOR_EMPR");
INSERT INTO product_groups (name, tenant, aux) VALUES ("DISEÑO COSTOS Y RECONSTRUCCION DRYWALL", "ACADEMIA_GENESIS", "DIS_REC_DRY");
INSERT INTO escuela_cursos (name, short_name, gestion, tenant, created_by, creation_date) VALUES ("DISEÑO PROG SISTEM MONITOREO LOCAL REMOTO CON PLC HMIS WEB", "DP_MLR", "2023", "ACADEMIA_GENESIS", "SysEscuelaAdmin", "2021-11-01");
INSERT INTO escuela_cursos (name, short_name, gestion, tenant, created_by, creation_date) VALUES ("CREACION PAGO CAMPAÑAS PUBLICITARIAS TIK TOK FACEBOOK", "CPAGC_TIK_FA", "2023", "ACADEMIA_GENESIS", "SysEscuelaAdmin", "2021-11-01");
INSERT INTO escuela_cursos (name, short_name, gestion, tenant, created_by, creation_date) VALUES ("MANIOBRAS PROCEDIMIENTO LINEAS ENERGIZADA ALTA TENSION", "MPROC_AT", "2023", "ACADEMIA_GENESIS", "SysEscuelaAdmin", "2021-11-01");
INSERT INTO escuela_cursos (name, short_name, gestion, tenant, created_by, creation_date) VALUES ("DETECCION FALLAS EQUIPOS IMAGENOLOGIA SOLUCIONES GARANTIAS", "DEFAEQ_SOLUC", "2023", "ACADEMIA_GENESIS", "SysEscuelaAdmin", "2021-11-01");
INSERT INTO escuela_cursos (name, short_name, gestion, tenant, created_by, creation_date) VALUES ("SIST. INMOVILIZADORES Y PROGRAMACION VEHICULAR", "SINMV_PROGVEH", "2023", "ACADEMIA_GENESIS", "SysEscuelaAdmin", "2021-11-01");
INSERT INTO escuela_cursos (name, short_name, gestion, tenant, created_by, creation_date) VALUES ("TOPOGRAFIA MODELADO PARA LINEAS ALTA TENSION", "TOP_LINALT", "2023", "ACADEMIA_GENESIS", "SysEscuelaAdmin", "2021-11-01");
INSERT INTO escuela_cursos (name, short_name, gestion, tenant, created_by, creation_date) VALUES ("VULNERACION INTRUSION EN REDES Y SIST. INFORMATICOS", "VIRE_SISINF", "2023", "ACADEMIA_GENESIS", "SysEscuelaAdmin", "2021-11-01");
INSERT INTO escuela_cursos (name, short_name, gestion, tenant, created_by, creation_date) VALUES ("ENCR. VPN SEGURIDAD REDES EMPRESARIALES E IND", "ENC_VPN_SEG", "2023", "ACADEMIA_GENESIS", "SysEscuelaAdmin", "2021-11-01");
INSERT INTO escuela_cursos (name, short_name, gestion, tenant, created_by, creation_date) VALUES ("REACONDICIONAMIENTO Y RE DISEÑO ELEVADORES CARGA", "REAC_ELECARG", "2023", "ACADEMIA_GENESIS", "SysEscuelaAdmin", "2021-11-01");
INSERT INTO escuela_cursos (name, short_name, gestion, tenant, created_by, creation_date) VALUES ("CONSTRUCCION Y RECONSTRUCCION DE DE CAPAS ASFALTICAS", "CONS_CAPASFA", "2023", "ACADEMIA_GENESIS", "SysEscuelaAdmin", "2021-11-01");
INSERT INTO escuela_cursos (name, short_name, gestion, tenant, created_by, creation_date) VALUES ("AUDITORIA FORENSE EMPRESARIAL", "AUD_FOR_EMPR", "2023", "ACADEMIA_GENESIS", "SysEscuelaAdmin", "2021-11-01");
INSERT INTO escuela_cursos (name, short_name, gestion, tenant, created_by, creation_date) VALUES ("DISEÑO COSTOS Y RECONSTRUCCION DRYWALL", "DIS_REC_DRY", "2023", "ACADEMIA_GENESIS", "SysEscuelaAdmin", "2021-11-01");

-- DISEÑO PROG SISTEM MONITOREO LOCAL REMOTO CON PLC HMIS WEB
INSERT INTO product_groups_products (id_product, id_product_group, tenant) VALUES ((select id from products where name="CUOTA DP_MLR"), (select id from product_groups where name="DISEÑO PROG SISTEM MONITOREO LOCAL REMOTO CON PLC HMIS WEB"), "ACADEMIA_GENESIS");

-- CREACION PAGO CAMPAÑAS PUBLICITARIAS TIK TOK FACEBOOK
INSERT INTO product_groups_products (id_product, id_product_group, tenant) VALUES ((select id from products where name="CUOTA CPAGC_TIK_FA"), (select id from product_groups where name="CREACION PAGO CAMPAÑAS PUBLICITARIAS TIK TOK FACEBOOK"), "ACADEMIA_GENESIS");

-- MANIOBRAS PROCEDIMIENTO LINEAS ENERGIZADA ALTA TENSION
INSERT INTO product_groups_products (id_product, id_product_group, tenant) VALUES ((select id from products where name="CUOTA MPROC_AT"), (select id from product_groups where name="MANIOBRAS PROCEDIMIENTO LINEAS ENERGIZADA ALTA TENSION"), "ACADEMIA_GENESIS");

-- DETECCION FALLAS EQUIPOS IMAGENOLOGIA SOLUCIONES GARANTIAS
INSERT INTO product_groups_products (id_product, id_product_group, tenant) VALUES ((select id from products where name="CUOTA DEFAEQ_SOLUC"), (select id from product_groups where name="DETECCION FALLAS EQUIPOS IMAGENOLOGIA SOLUCIONES GARANTIAS"), "ACADEMIA_GENESIS");

-- SIST. INMOVILIZADORES Y PROGRAMACION VEHICULAR
INSERT INTO product_groups_products (id_product, id_product_group, tenant) VALUES ((select id from products where name="CUOTA SINMV_PROGVEH"), (select id from product_groups where name="SIST. INMOVILIZADORES Y PROGRAMACION VEHICULAR"), "ACADEMIA_GENESIS");

-- TOPOGRAFIA MODELADO PARA LINEAS ALTA TENSION
INSERT INTO product_groups_products (id_product, id_product_group, tenant) VALUES ((select id from products where name="CUOTA TOP_LINALT"), (select id from product_groups where name="TOPOGRAFIA MODELADO PARA LINEAS ALTA TENSION"), "ACADEMIA_GENESIS");

-- VULNERACION INTRUSION EN REDES Y SIST. INFORMATICOS
INSERT INTO product_groups_products (id_product, id_product_group, tenant) VALUES ((select id from products where name="CUOTA VIRE_SISINF"), (select id from product_groups where name="VULNERACION INTRUSION EN REDES Y SIST. INFORMATICOS"), "ACADEMIA_GENESIS");

-- ENCR. VPN SEGURIDAD REDES EMPRESARIALES E IND
INSERT INTO product_groups_products (id_product, id_product_group, tenant) VALUES ((select id from products where name="CUOTA ENC_VPN_SEG"), (select id from product_groups where name="ENCR. VPN SEGURIDAD REDES EMPRESARIALES E IND"), "ACADEMIA_GENESIS");

-- REACONDICIONAMIENTO Y RE DISEÑO ELEVADORES CARGA
INSERT INTO product_groups_products (id_product, id_product_group, tenant) VALUES ((select id from products where name="CUOTA REAC_ELECARG"), (select id from product_groups where name="REACONDICIONAMIENTO Y RE DISEÑO ELEVADORES CARGA"), "ACADEMIA_GENESIS");

-- CONSTRUCCION Y RECONSTRUCCION DE DE CAPAS ASFALTICAS
INSERT INTO product_groups_products (id_product, id_product_group, tenant) VALUES ((select id from products where name="CUOTA CONS_CAPASFA"), (select id from product_groups where name="CONSTRUCCION Y RECONSTRUCCION DE DE CAPAS ASFALTICAS"), "ACADEMIA_GENESIS");

-- AUDITORIA FORENSE EMPRESARIAL
INSERT INTO product_groups_products (id_product, id_product_group, tenant) VALUES ((select id from products where name="CUOTA AUD_FOR_EMPR"), (select id from product_groups where name="AUDITORIA FORENSE EMPRESARIAL"), "ACADEMIA_GENESIS");

-- DISEÑO COSTOS Y RECONSTRUCCION DRYWALL
INSERT INTO product_groups_products (id_product, id_product_group, tenant) VALUES ((select id from products where name="CUOTA DIS_REC_DRY"), (select id from product_groups where name="DISEÑO COSTOS Y RECONSTRUCCION DRYWALL"), "ACADEMIA_GENESIS");
